ID,X,Y,Layer,Direction,demand
0,29.42754919,42.14490161,0,0,0
1,29.42754919,39.35599284,0,0,0
2,29.24865832,36.68872987,0,0,0
3,29.15921288,33.09481216,0,0,0
4,29.69588551,19.67799642,0,0,0
5,30.50089445,15.71019678,0,0,0
6,31.03756708,6.171735242,0,0,0
7,30.41144902,1.610017889,0,0,0