ID,X,Y,Layer,Direction,demand,strength,damage,beginpointid,endpointid
0,22.36135957,44.81216458,0,0,0,0,0,43,109
1,22.00357782,38.64042934,0,0,0,0,0,45,106
2,22.36135957,34.61538462,0,0,0,0,0,44,103
3,21.82468694,29.42754919,0,0,0,0,0,50,105
4,22.00357782,23.88193202,0,0,0,0,0,46,100
5,21.7352415,19.8568873,0,0,0,0,0,45,99
6,24.95527728,11.4490161,0,0,0,0,0,51,97
7,23.16636852,6.082289803,0,0,0,0,0,55,98
8,22.71914132,3.488372093,0,0,0,0,0,54,96